id,name,model_id:id,group_id:id,perm_read,perm_write,perm_create,perm_unlink
access_book_master,book.master.user,library_management.model_book_master,base.group_user,1,1,1,1
access_author_master,author.master.user,library_management.model_author_master,base.group_user,1,1,1,1
access_borrower_master,author.borrower.user,library_management.model_borrower_master,base.group_user,1,1,1,1
access_borrower_master_line,borrower.master.line.user,library_management.model_borrower_master_line,base.group_user,1,1,1,1
access_library_approval,library.approval,library_management.model_library_approval,base.group_user,1,1,1,1
access_book_update,update.book,library_management.model_update_book,base.group_user,1,1,1,1
access_sale_product,sale.product.user,library_management.model_sale_product,base.group_user,1,1,1,1
access_sale_product_line,sale.produce.line.user,library_management.model_sale_product_line,base.group_user,1,1,1,1
access_crm_product_line,crm.produce.line.user,library_management.model_crm_lead_line,base.group_user,1,1,1,1
access_stock_picking,stock.picking,library_management.model_stock_picking,base.group_user,1,1,1,1
access_account_move,account.move,library_management.model_account_move,base.group_user,1,1,1,1
access_sale_reject,sale.reject,library_management.model_sale_reject,base.group_user,1,1,1,1
access_track_history,track.history.user,library_management.model_track_history,base.group_user,1,1,1,1
access_book_picking,book.picking.user,library_management.model_book_picking,base.group_user,1,1,1,1
access_book_picking_line,book.picking.line.user,library_management.model_book_picking_line,base.group_user,1,1,1,1
