<?xml version="1.0" encoding="utf-8"?>
<odoo>
    <template id="custom_menu_portal" inherit_id="portal.portal_my_home">
        <xpath expr="//div[hasclass('o_portal_docs')]" position="inside">
            <a href="/my/library_orders" class="list-group-item list-group-item-action" style="background-color:#f2f2f2; height: 100px; width: 420px; padding:20px 86px">
                <h5> Library Orders </h5>
                <span style="color: #505050;">View, your library orders <span t-att-value="borrower_count"/></span>
            </a>
        </xpath>
    </template>

    <template id="custom_menu_page">
        <t t-call="portal.portal_layout">
            <div class="container">
                <table class="table">
                    <thead>
                        <tr>
                            <th>Order No</th>
                            <th>Name</th>
                            <th>Address</th>
                            <th>Phone No</th>
                            <th>Check Out</th>
                            <th>Check In</th>
                            <th>Total</th>
                            <th>State</th>
                        </tr>
                    </thead>
                    <tbody>
                        <t t-foreach="borrower_records" t-as="record">
                            <tr>
                                <td>
                                    <!-- Link to Order Detail -->
                                    <a t-att-href="'/my/library_orders/' + str(record.id)">
                                        <t t-esc="record.order_no"/>
                                    </a>
                                </td>
                                <td><t t-esc="record.name.display_name"/></td>
                                <td><t t-esc="record.address"/></td>
                                <td><t t-esc="record.phone_no"/></td>
                                <td><t t-esc="record.check_out"/></td>
                                <td><t t-esc="record.check_in"/></td>
                                <td><t t-esc="record.total"/></td>
                                <td><t t-esc="record.state"/></td>
                            </tr>
                        </t>
                    </tbody>
                </table>
            </div>
        </t>
    </template>

<template id="custom_order_detail_page">
    <t t-call="portal.portal_layout">
        <div class="container">
            <t t-if="order">
                <div class="row">
                    <div class="col-8">
                        <h2>Order No - <t t-esc="order.order_no"/></h2><br/>
                        <strong>Total : </strong> <t t-esc="order.total"/><br/>
                    </div>

                    <div class="col-4">
                        <strong>Name : </strong> <t t-esc="order.name.display_name"/><br/>                  
                        <strong>Address : </strong> <t t-esc="order.address"/><br/>              
                        <strong>Phone No : </strong> <t t-esc="order.phone_no"/><br/>         
                        <strong>Check Out : </strong> <t t-esc="order.check_out"/><br/> 
                        <strong>Check In : </strong> <t t-esc="order.check_in"/><br/>
                        <strong>State : </strong> <t t-esc="order.state"/><br/>
                    </div>
                </div>

                <div style="height: 70px;"></div> 

                <!-- Success Message Display -->
                <t t-if="request.params.get('success')">
                    <div class="alert alert-success">
                        <t t-esc="request.params.get('success')"/>
                    </div>
                </t>

                <h4>Product Details</h4>
                <div style="height: 30px;"></div>
                <form action="/my/library_orders/update_unit_price" method="POST">
                    <!-- CSRF Token -->
                    <input type="hidden" name="csrf_token" t-att-value="request.csrf_token()"/>

                    <input type="hidden" name="order_id" t-att-value="order.id"/>

                    <table class="table table-bordered">
                        <thead>
                            <tr>
                                <th>Books</th>  
                                <th>Book ID</th>
                                <th>Unit Price</th>
                                <th>Quantity</th>
                                <th>Total Price</th>
                            </tr>
                        </thead>
                        <tbody>
                            <t t-foreach="order.borrower_master_line" t-as="line">
                                <tr>
                                    <td><t t-esc="line.borrower_name_id.name"/></td>
                                    <td><t t-esc="line.book_id"/></td>
                                    <td>
                                        <t t-if="order.state in ['draft', 'checkout']">
                                            <!-- Ensure name attribute is correct -->
                                            <input type="number" 
                                                   t-att-name="'line_data[' + str(line.id) + '][unit_price]'" 
                                                   class="form-control" 
                                                   t-att-value="line.unit_price"/>
                                        </t>
                                        <t t-if="order.state not in ['draft', 'checkout']">
                                            <span><t t-esc="line.unit_price"/></span>
                                        </t>
                                    </td>
                                    <td><t t-esc="line.qty"/></td>
                                    <td><t t-esc="line.book_price"/></td>
                                </tr>
                            </t>
                        </tbody>
                    </table>

                    <button type="submit" class="btn btn-primary mt-2">Update Prices</button>
                </form>

                <div style="height: 30px;"></div>
                <!-- Messages -->
                <div class="row">
                    <div class="col-8">
                        <h4>Messages</h4>
                        <t t-if="order.message_ids">
                            <ul>
                                <t t-foreach="order.message_ids" t-as="message">
                                    <li>
                                        <strong><t t-esc="message.author_id.name"/>:</strong>
                                        <span><t t-esc="message.body"/></span>
                                        <br/>
                                        <small><t t-esc="message.date"/></small>
                                    </li>
                                </t>
                            </ul>
                        </t>
                        <t t-if="not order.message_ids">
                            <p>No messages found.</p>
                        </t>
                    </div>
                    <div class="col-4">
                        <h4>Send a Message</h4>
                        <form action="/my/library_orders/send_message" method="POST" enctype="multipart/form-data">
                            <input type="hidden" name="order_id" t-att-value="order.id"/>
                            <textarea name="message_body" class="form-control" rows="1"></textarea>
                            <input type="file" name="attachment" class="form-control mt-2" t-att-multiple="True"/>
                            <input type="hidden" name="csrf_token" t-att-value="request.csrf_token()"/>
                            <button type="submit" class="btn btn-primary mt-2">Send</button>
                            <div style="height: 30px;"></div>
                        </form>
                    </div>
                </div>
            </t>
            <t t-if="not order">
                <p>Order not found.</p>
            </t>
        </div>
    </t>
</template>



</odoo>