<odoo>
    <template id="custom_menu_portal" inherit_id="portal.portal_my_home">
        <xpath expr="//div[hasclass('o_portal_docs')]" position="inside">
            <a href="/my/custom_menu" class="list-group-item list-group-item-action">
                <i class="fa fa-cogs"></i> Custom Menu
            </a>
        </xpath>
    </template>

    <template id="custom_menu_page">
        <t t-call="portal.portal_layout">
            <div class="container">
                <h1>Custom Menu Page</h1>
                <p>Welcome to the custom menu page!</p>
                
                <table class="table">
                    <thead>
                        <tr>
                            <th>Order No</th>
                            <th>Name</th>
                            <th>Address</th>
                            <th>Phone No</th>
                            <th>Check Out</th>
                            <th>Check In</th>
                            <th>Total</th>
                            <th>State</th>
                        </tr>
                    </thead>
                    <tbody>
                        <t t-foreach="borrower_records" t-as="record">
                            <tr>
                                <td>
                                    <!-- Link to Order Detail -->
                                    <a t-att-href="'/my/order/' + str(record.id)">
                                        <t t-esc="record.order_no"/>
                                    </a>
                                </td>
                                <td><t t-esc="record.name.display_name"/></td>
                                <td><t t-esc="record.address"/></td>
                                <td><t t-esc="record.phone_no"/></td>
                                <td><t t-esc="record.check_out"/></td>
                                <td><t t-esc="record.check_in"/></td>
                                <td><t t-esc="record.total"/></td>
                                <td><t t-esc="record.state"/></td>
                            </tr>
                        </t>
                    </tbody>
                </table>
            </div>
        </t>
    </template>

    <template id="custom_order_detail_page">
    <t t-call="portal.portal_layout">
        <div class="container">
            <t t-if="order">
                <div class="row">
                    <div class="col-md-6">
                        <h2>Order No - <t t-esc="order.order_no"/></h2>
                    </div>
                    <div class="col-md-6">
                        <strong>Name:</strong> <t t-esc="order.name.display_name"/>
                    </div>
                    <div class="col-md-6">
                        <strong>Address:</strong> <t t-esc="order.address"/>
                    </div>
                    <div class="col-md-6">
                        <strong>Phone No:</strong> <t t-esc="order.phone_no"/>
                    </div>
                    <div class="col-md-6">
                        <strong>Check Out:</strong> <t t-esc="order.check_out"/>
                    </div>
                    <div class="col-md-6">
                        <strong>Check In:</strong> <t t-esc="order.check_in"/>
                    </div>
                    <div class="col-md-6">
                        <strong>Total:</strong> <t t-esc="order.total"/>
                    </div>
                    <div class="col-md-6">
                        <strong>State:</strong> <t t-esc="order.state"/>
                    </div>
                </div>

                <h2>Product Details</h2>
                <table class="table table-bordered">
                    <thead>
                        <tr>
                            <th>Books</th>
                            <th>Book ID</th>
                            <th>Unit Price</th>
                            <th>Quantity</th>
                            <th>Total Price</th>
                        </tr>
                    </thead>
                    <tbody>
                        <t t-foreach="order.borrower_master_line" t-as="line">
                            <tr>
                                <td><t t-esc="line.borrower_name_id.name"/></td>
                                <td><t t-esc="line.book_id"/></td>
                                <td><t t-esc="line.unit_price"/></td>
                                <td><t t-esc="line.qty"/></td>
                                <td><t t-esc="line.book_price"/></td>
                            </tr>
                        </t>
                    </tbody>
                </table>

                <!-- Communication History Section -->
                <h3>Communication History</h3>

                <!-- Messages -->
                <div class="communication-history">
                    <h4>Messages</h4>
                    <t t-if="order.message_ids">
                        <ul>
                            <t t-foreach="order.message_ids" t-as="message">
                                <li>
                                    <strong><t t-esc="message.author_id.name"/>:</strong>
                                    <span><t t-esc="message.body"/></span>
                                    <br/>
                                    <small><t t-esc="message.date"/></small>
                                </li>
                            </t>
                        </ul>
                    </t>
                    <t t-if="not order.message_ids">
                        <p>No messages found.</p>
                    </t>
                </div>

                <h4>Send a Message</h4>
                <form action="/my/order/send_message" method="POST" enctype="multipart/form-data">
                <input type="hidden" name="order_id" t-att-value="order.id"/>
                <textarea name="message_body" class="form-control" rows="2"></textarea>
                <input type="file" name="attachment" class="form-control mt-2"/>
                <input type="hidden" name="csrf_token" t-att-value="request.csrf_token()"/>
                <button type="submit" class="btn btn-primary mt-2">Send</button>
                </form>


            </t>
            <t t-if="not order">
                <p>Order not found.</p>
            </t>
        </div>
    </t>
</template>


</odoo>