<?xml version="1.0" encoding="utf-8"?>

<odoo>
    <data noupdate="1">
        <record id="order_quotation_sequence" model="ir.sequence">
            <field name="name">Order Quotation Sqeuence</field>
            <field name="code">sale.order.quotation.sequence</field>
            <field name="prefix">SQ</field>
            <field name="padding">3</field>
            <field name="number_increment">1</field>
            <field name="active" eval="True"/>
            <field name="implementation">no_gap</field>
        </record>
    </data>

    <data noupdate="1">
        <record id="order_sales_sequence" model="ir.sequence">
            <field name="name">Order Sales Sqeuence</field>
            <field name="code">sale.order.number.sequence</field>
            <field name="prefix">SO/</field>
            <field name="padding">3</field>
            <field name="number_increment">1</field>
            <field name="active" eval="True"/>
            <field name="implementation">no_gap</field>
        </record>
    </data>
    
</odoo>
