<?xml version="1.0" encoding="utf-8"?>
<!-- book_order_sequence.xml -->
<odoo>
    <data noupdate="1">
        <record id="book_orders_sequence" model="ir.sequence">
            <field name="name">Book Orders Sqeuence</field>
            <field name="code">borrower.master.sequence</field>
            <field name="prefix">BO/</field>
            <field name="padding">5</field>
            <field name="number_increment">1</field>
            <field name="active" eval="True"/>
            <field name="implementation">no_gap</field>
        </record>
    </data>
    <data noupdate="1">
        <record id="book_picking_sequence" model="ir.sequence">
            <field name="name">Book Picking Sqeuence</field>
            <field name="code">book.picking.sequence</field>
            <field name="prefix">B/DO/</field>
            <field name="padding">4</field>
            <field name="number_increment">1</field>
            <field name="active" eval="True"/>
            <field name="implementation">no_gap</field>
        </record>
    </data>
</odoo>
