id,name,model_id:id,group_id:id,perm_read,perm_write,perm_create,perm_unlink
access_bank_customer,bank.customer.user,bank_management.model_bank_customer,base.group_user,1,1,1,1
access_account_transaction,account.transaction.user,bank_management.model_account_transaction,base.group_user,1,1,1,1
access_bank_master,bank.master.user,bank_management.model_bank_master,base.group_user,1,1,1,0
access_amount_transaction,amount.transaction.user,bank_management.model_amount_transaction,base.group_user,1,1,1,1
