id,name,model_id:id,group_id:id,perm_read,perm_write,perm_create,perm_unlink
access_student_master,student.master.user,student_master.model_student_master,base.group_user,1,1,1,1
access_subject_master,subject.master.user,student_master.model_subject_master,base.group_user,1,1,1,1
access_student_master_line,student.master.line.user,student_master.model_student_master_line,base.group_user,1,1,1,1
access_college_master,college.master.user,student_master.model_college_master,base.group_user,1,1,1,1
access_college_master_line,college.master.line.user,student_master.model_college_master_line,base.group_user,1,1,1,1
access_student_grade,student.grade,student_master.model_student_grade,base.group_user,1,1,1,1
access_student_mark_wizard,student.mark.wizard,student_master.model_student_mark,base.group_user,1,1,1,1
